Supplementary Table 2. HMM-identified nod boxes,,,,,,,,
Proximal_CDS,Locus,nod.box.fasta,strand,e.value,score,bias,Aligment.Term,100.bp.window.for.BLASTn
nodM,MAFF303099_06212,CATCCATGGCGTGGATGATGGCTATCCCAACAATCAATTTTACCGAA,-,1.10E-11,47.1,0.5,>MAFF303099_06212_nodM,cccgcattggactgagatttagttcatccatggcgtggatgatggctatcccaacaatcaattttaccgaactgactggattccattagaagactctaac
ttsI,MAFF303099_06263,AATCCAGGATGTGGATTGCTTACATCCGAACAATCGATTTGCTCAAG,-,0.015,17.9,0.4,>MAFF303099_06263_ttsI,gatctggggggtgaatatgcggacaatccaggatgtggattgcttacatccgaacaatcgatttgctcaagtcgcttgtcgaaagctaacccctacgggt
nolL,MAFF303099_06382,TATCCATAGCGTGGATGCTCGCGATCTAAACAATCGATTTTACCAAA,-,3.80E-14,55,1.2,>MAFF303099_06382_nolL,cccttgaagcgcatggctttcacttatccatagcgtggatgctcgcgatctaaacaatcgattttaccaaacttccagggcgctgcatagatgaccgcac
nodB,MAFF303099_06388,TATCCGCAACGTGGATGCTTGTCATCGAAACAATCGATTTTGCCGAT,-,3.10E-12,48.9,0.3,>MAFF303099_06388_nodB,gcgatccaagcctttgtctcatctatccgcaacgtggatgcttgtcatcgaaacaatcgattttgccgattgtacagaacgtcccataggaagaattcaa
nodA,MAFF303099_06396,CATCCATAGCGTGGATGCTCGCGATCTAAACAATCAATTTTACCAAT,-,4.40E-14,54.8,1.9,>MAFF303099_06396_nodA,ggctttgaaaggcatggttttaacatccatagcgtggatgctcgcgatctaaacaatcaattttaccaatccgggagggccgttcatagacccatgacat
nodS,MAFF303099_06397,TGTTCACTGCGTGGATGGTTGTCATCCAAACAATCAATTTTGCCAAT,-,1.20E-11,47,1.2,>MAFF303099_06397_nodS,cacgcccaattccgccttcgatgtgttcactgcgtggatggttgtcatccaaacaatcaattttgccaatcctgcggacccaattaggagcgtgaccgaa
oafA,MAFF303099_06412,TATCCATCCCATGGATGCATTATATCCAAACAATCAAGTTCACCCAT,-,3.60E-06,29.5,4.7,>MAFF303099_06412_oafA,ggctgtcgccggtgggcatggccccatatccatcccatggatgcattatatccaaacaatcaagttcacccatccgtcatgatgctgcatagcgcaggaa
DAO,MAFF303099_06607,CATTCATACGTAGAGGGGGCTCCATCGAAATAATCGATCTTACGAAG,-,0.0015,21.1,0.8,>MAFF303099_06607_DAO,ttcaaagctctactgtgacgcctgcattcatacgtagagggggctccatcgaaataatcgatcttacgaagagtaacgaacatgaaaagcattgctcggg
nodZ,MAFF303099_06667,CATCCATGGCGTGGATGCGTTTCATCGAAACAGACGATTTTACCGAT,-,1.20E-12,50.2,0.1,>MAFF303099_06667_nodZ,gctctggaacccatgtcgctagccatccatggcgtggatgcgtttcatcgaaacagacgattttaccgatgttacggcacgaggcatagaaagaattcaa
noeK,MAFF303099_06703,TATCCATGCCATGGATGCGTTCCATCCAAACAACCAAGTTTACGGAC,-,7.60E-10,41.2,1.4,>MAFF303099_06703_noeK,ctgatcgagacggctttctagccctatccatgccatggatgcgttccatccaaacaaccaagtttacggacctgtcatgatgctgcatagcgaaataccg
nodM,Mj700743_06248,CATCCATGGCGTGGATGGTGGCTATCCCAACAATCAATTTTACCGAA,-,4.00E-12,48.5,0.2,>Mj700743_06248_nodM,cccgcattggactgaggtttagttcatccatggcgtggatggtggctatcccaacaatcaattttaccgaacttactggattccattagaagactctaac
virA,Mj700743_06256,CATCCATTGTTCGGATGCGTGCGATCCAAACAATCAATTTGTTCAAT,+,3.90E-10,42.1,1.4,>Mj700743_06256_virA,tctaacgaaaaccgccgctgcatttagctgcatccattgttcggatgcgtgcgatccaaacaatcaatttgttcaatcagcttcttgaaagctaaccctt
nolL,Mj700743_06312,TATCCATAGCGTGAATGTTCGCGATCTAAACAATCGATTTTACCAAA,-,1.50E-12,49.9,2.3,>Mj700743_06312_nolL,ctttgaagcgcattgcctttcacttatccatagcgtgaatgttcgcgatctaaacaatcgattttaccaaactttcaacgccctgcatagatgaccgcac
nodB,Mj700743_06323,TATCCGCAAGGTGGATGCTTGTCATCGAAACAATCGATTTTGCCGAT,-,2.50E-11,46,0.3,>Mj700743_06323_nodB,cagatcaaagcctttgtctcatctatccgcaaggtggatgcttgtcatcgaaacaatcgattttgccgattggacacagcgtcgtattgagaattcaagg
nodA,Mj700743_06331,CATCCACAGCGTGGATGCTCGCGATCTAAACAATCAATTTTACCAAT,-,1.10E-13,53.5,1.9,>Mj700743_06331_nodA,tccagatcaacgcatggttttaacatccacagcgtggatgctcgcgatctaaacaatcaattttaccaatccgggcgggtcgttcattaaccgcccacct
nodS,Mj700743_06332,TGCTTGGGGCGTGGATGGCTGTCATCCAAACAATCAATTTTGCCAAT,-,1.90E-09,39.9,0.2,>Mj700743_06332_nodS,cacgcccaattccgccttcgatgtgcttggggcgtggatggctgtcatccaaacaatcaattttgccaatcctgccggccctaataggagggtgaccgaa
ompT,Mj700743_06390,TATCCATAGCGTGGATGCTCCGATCTAAACAATCAATTTTGCCAAA,-,5.00E-12,48.2,1.8,>Mj700743_06390_ompT,gccattggaaatgcacggttttagctatccatagcgtggatgctccgatctaaacaatcaattttgccaaacgtccagggcgctgcatagacgaccgcac
ompT2,Mj700743_06391,TATCCATAGCGTGGATGCTCCGATCTAAACAATCAATTTTGCCAAA,-,5.00E-12,48.2,1.8,>Mj700743_06391_ompT2,gccattggaaacgcacggtttttgctatccatagcgtggatgctccgatctaaacaatcaattttgccaaacgtccatggcgctgcatagacgatcgctc
ompT3,Mj700743_06407,TATCCATAGCGTGGATGCTCCGATCTAAACAATCAATTTTGCCAAA,-,5.00E-12,48.2,1.8,>Mj700743_06407_ompT3,gccattggaaacgcacggtttttgctatccatagcgtggatgctccgatctaaacaatcaattttgccaaacgtccagggcgctgcatagacgaccgcac
mln145,Mj700743_06581,CATCCATGGCGCGGATGGATGCAATCAGGAAATCAATTTTACCACT,+,0.00042,22.8,0.5,>Mj700743_06581_mln145,caagttgacagtacgcattccgctatagctcatccatggcgcggatggatgcaatcaggaaatcaattttaccactcttccggaatgctgcatttggggc
orphan,Mj700743_06595,CATTCATTCGTAGATGGGCTCCATCGAAATAATCGATTTTACGAAG,-,1.40E-08,37.2,1.6,>Mj700743_06595_orphan,tgttcaaagctctactgtgaccctgcattcattcgtagatgggctccatcgaaataatcgattttacgaagagtaacgaactgaaaagcattgctcggga
nodZ,Mj700743_06650,TATCCATAGCGTGGATGCTCGCGATCTAAACAATCAATTTTACCAAT,-,4.00E-14,54.9,2,>Mj700743_06650_nodZ,cgacgccctctgcgagaggcacttatccatagcgtggatgctcgcgatctaaacaatcaattttaccaatccgggcgtgtcgttcatagatcgccacgtg
nodA2,Mj700743_06672,TATTCATAGCGTGGATGCATTCATCGAAACAAACGATTTTGCCAAT,-,2.10E-11,46.2,1.9,>Mj700743_06672_nodA2,gctctttgagcgcctggcttttcctattcatagcgtggatgcattcatcgaaacaaacgattttgccaattctgcagaacggcatagcaagatcaaggat
nodF1.1,Mj700743_06675,TATCCACAGCGTGGATGCGTCTTATCGAAACAAATAATTTTATCAAT,-,6.80E-11,44.6,3,>Mj700743_06675_nodF1.1,gctgcgtcattgaaacgtatccctatccacagcgtggatgcgtcttatcgaaacaaataattttatcaatcttccggaatgtcgcattgacgacagcacc
nodF1.2,Mj700743_06675,TATCCATGGTATGGATGCGCTCATCGAAACAAACTATTTGATCAAC,-,6.30E-09,38.3,1.6,>Mj700743_06675_nodF1.2,cgggctgggcgcggtccgcatcgactatccatggtatggatgcgctcatcgaaacaaactatttgatcaaccttccgggatctcgcattgacaagagccc
noeK,Mj700743_06692,TATCCATGCCATGGATGCATTCCATCCAAACAACCAAGTTTACGGAT,-,1.60E-09,40.1,2,>Mj700743_06692_noeK,tgatcgagacggccttctagacctatccatgccatggatgcattccatccaaacaaccaagtttacggatctgtcatgatgctgcatagcgaaataccgg
nodO,Mj700743_06701,CATCCATTTCGTAAATGTTTCTATCGAACAAATCGATTTCCCCAGT,-,1.70E-05,27.3,4.3,>Mj700743_06701_nodO,ggcagaaggacgaagccgatgccacacatccatttcgtaaatgtttctatcgaacaaatcgatttccccagttgtctggtgagggatagcaaggtgtcag
nodU,Mj700743_06724,TATCCACCCCATGAATGCACTCAATCCAAACAATCAAATTTACCGAT,-,2.50E-07,33.1,7.9,>Mj700743_06724_nodU,acgcctgttgggcatgggccgcatatccaccccatgaatgcactcaatccaaacaatcaaatttaccgatccgtcaagatgctgcatagcgcattaattg
nodM,NZP2014_05836,CATCCATGGCGTGGATGGTGGCTATCCCAACAATCAATTTTACCGAA,-,3.80E-12,48.5,0.2,>NZP2014_05836_nodM,cccgcattggactgaggtttagttcatccatggcgtggatggtggctatcccaacaatcaattttaccgaacttactggattccattagaagactctaac
virA,NZP2014_05844,CATCCATTGTTCGGATGCGTGCGATCCAAACAATCAATTTGTTCAAT,+,3.80E-10,42.1,1.4,>NZP2014_05844_virA,tctaacgaaaaccgccgctgcatttagctgcatccattgttcggatgcgtgcgatccaaacaatcaatttgttcaatcagcttcttgaaagctaaccctt
nolL,NZP2014_05896,TATCCATAGCGTGAATGTTCGCGATCTAAACAATCGATTTTACCAAA,-,1.40E-12,49.9,2.3,>NZP2014_05896_nolL,ctttgaagcgcattgcctatcacttatccatagcgtgaatgttcgcgatctaaacaatcgattttaccaaactttcaacgccctgcatagatgaccgcac
nodB,NZP2014_05902,TATCCGCAAGGTGGATGCTTGTCATCGAAACAATCGATTTTGCCGAT,-,2.30E-11,46,0.3,>NZP2014_05902_nodB,cagatcaaagcctttgtctcatctatccgcaaggtggatgcttgtcatcgaaacaatcgattttgccgattggacacagcgtcgtattgagaattcaagg
nodA,NZP2014_05910,CATCCACAGCGTGGATGCTCGCGATCTAAACAATCAATTTTACCAAT,-,1.00E-13,53.5,1.9,>NZP2014_05910_nodA,tccagatcaacgcatggttttaacatccacagcgtggatgctcgcgatctaaacaatcaattttaccaatccgggcgggtcgttcattaaccgcctacct
nodS,NZP2014_05911,TGCTTGGGGCGTGGATGGCTGTCATCCAAACAATCAATTTTGCCAAT,-,1.80E-09,39.9,0.2,>NZP2014_05911_nodS,cacgcccaattccgccttcgatgtgcttggggcgtggatggctgtcatccaaacaatcaattttgccaatcctgccggccctaataggagggtgaccgaa
ompT,NZP2014_05934,TATCCATAGCGTGGATGCTCCGATCTAAACAATCAATTTTGCCAAA,-,4.80E-12,48.2,1.8,>NZP2014_05934_ompT,gccattggaaatgcacggttttagctatccatagcgtggatgctccgatctaaacaatcaattttgccaaacgtccagggcgctgcatagacgaccgcac
ompT2,NZP2014_05935,TATCCATAGCGTGGATGCTCCGATCTAAACAATCAATTTTGCCAAA,-,4.80E-12,48.2,1.8,>NZP2014_05935_ompT2,ccattggaaacgcacggttttagcttatccatagcgtggatgctccgatctaaacaatcaattttgccaaacgtccatggcgctgcatagacgaccgcac
mln145,NZP2014_06093,CATCCATGGCGCGGATGGATGCAATCAGGAAATCAATTTTACCACT,+,0.0004,22.8,0.5,>NZP2014_06093_mln145,caagttgacagtacgcattccgctatagctcatccatggcgcggatggatgcaatcaggaaatcaattttaccactcttccggaatgctgcatttggggc
orphan,NZP2014_06105,CATTCATTCGTAGATGGGCTCCATCGAAATAATCGATTTTACGAAG,-,1.30E-08,37.2,1.6,>NZP2014_06105_orphan,gttcaaagctctactgtgacgcctgcattcattcgtagatgggctccatcgaaataatcgattttacgaagagtaacgaacatgaaaagcattgctcggg
nodZ,NZP2014_06163,TATCCATAGCGTGGATGCTCGCGATCTAAACAATCAATTTTACCAAT,-,3.80E-14,54.9,2,>NZP2014_06163_nodZ,cgacgccttctgcgagaggcacttatccatagcgtggatgctcgcgatctaaacaatcaattttaccaatccgggcgtgtcgttcatagatcgccacgtg
nodO2,NZP2014_06186,CATCCATTTCGTAAATGTTTCTATCGAACAAATCGATTTCCCCAGT,+,1.60E-05,27.3,4.3,>NZP2014_06186_nodO2,gcaacgcaaaaggacgaagccgacgccacgcatccatttcgtaaatgtttctatcgaacaaatcgatttccccagttgtctggtgagggatagcaaggtg
nodF1.1,NZP2014_06191,TATCCACAGCGTGGATGCGTCTTATCGAAACAAATAATTTTATCAAT,-,6.50E-11,44.6,3,>NZP2014_06191_nodF1.1,gctgcgtcattgaaacgtatccctatccacagcgtggatgcgtcttatcgaaacaaataattttatcaatcttccggaatgtcgcattgacgacagcacc
nodF1.2,NZP2014_06191,TATCCATGGTATGGATGCGCTCATCGAAACAAACTATTTGATCAAC,-,6.00E-09,38.3,1.6,>NZP2014_06191_nodF1.2,cgggctgggcgcggtccgcaccgactatccatggtatggatgcgctcatcgaaacaaactatttgatcaaccttccgggatctcgcattgacaagagccc
noeK,NZP2014_06204,TATCCATGCCATGGATGCATTCCATCCAAACAACCAAGTTTACGGAT,-,1.60E-09,40.1,2,>NZP2014_06204_noeK,tgatcgagacggccatctagccctatccatgccatggatgcattccatccaaacaaccaagtttacggatctgtcatgatgctgcatagcgaaataccgg
nodO,NZP2014_06216,CATCCATTTCGTAAATGTTTCTATCGAACAAATCGATTTCCCCAGT,-,1.60E-05,27.3,4.3,>NZP2014_06216_nodO,gcaacgcaaaaggacgaagccgacgccacgcatccatttcgtaaatgtttctatcgaacaaatcgatttccccagttgtctggtgagggatagcaaggtg
nodU,NZP2014_06239,TATCCACCCCATGAATGCACTCAATCCAAACAATCAAATTTACCGAT,-,2.40E-07,33.1,7.9,>NZP2014_06239_nodU,acgcctgttgggcatgggccgcatatccaccccatgaatgcactcaatccaaacaatcaaatttaccgatccgtcaagatgctgcatagcgcattaattg
nodM,NZP2037_06257,CATCCATGGCGTGGATGGTGGCTATCCCAACAATCAATTTTACCGAA,-,4.00E-12,48.5,0.2,>NZP2037_06257_nodM,cccgcattggactgaggtttagttcatccatggcgtggatggtggctatcccaacaatcaattttaccgaacttactggattccattagaagactctaac
virA,NZP2037_06265,CATCCATTGTTCGGATGCGTGCGATCCAAACAATCAATTTGTTCAAT,+,4.00E-10,42.1,1.4,>NZP2037_06265_virA,tctaacgaaaaccgccgctgcatttagctgcatccattgttcggatgcgtgcgatccaaacaatcaatttgttcaatcagcttcttgaaagctaaccctt
nolL,NZP2037_06322,TATCCATAGCGTGAATGTTCGCGATCTAAACAATCGATTTTACCAAA,-,1.50E-12,49.9,2.3,>NZP2037_06322_nolL,ctttgaagcgcattgcctttcacttatccatagcgtgaatgttcgcgatctaaacaatcgattttaccaaactttcaacgccctgcatagatgaccgcac
nodB,NZP2037_06333,TATCCGCAAGGTGGATGCTTGTCATCGAAACAATCGATTTTGCCGAT,-,2.50E-11,46,0.3,>NZP2037_06333_nodB,cagatcaaagcctttgtctcatctatccgcaaggtggatgcttgtcatcgaaacaatcgattttgccgattggacacagcgtcgtattgagaattcaagg
nodA,NZP2037_06341,CATCCACAGCGTGGATGCTCGCGATCTAAACAATCAATTTTACCAAT,-,1.10E-13,53.5,1.9,>NZP2037_06341_nodA,tccagatcaacgcatggttttaacatccacagcgtggatgctcgcgatctaaacaatcaattttaccaatccgggcgggtcgttcattaaccgcccacct
nodS,NZP2037_06342,TGCTTGGGGCGTGGATGGCTGTCATCCAAACAATCAATTTTGCCAAT,-,1.90E-09,39.9,0.2,>NZP2037_06342_nodS,cacgcccaattccgccttcgatgtgcttggggcgtggatggctgtcatccaaacaatcaattttgccaatcctgccggccctaataggagggtgaccgaa
ompT,NZP2037_06406,TATCCATAGCGTGGATGCTCCGATCTAAACAATCAATTTTGCCAAA,-,5.10E-12,48.2,1.8,>NZP2037_06406_ompT,gccattggaaatgcacggttttagctatccatagcgtggatgctccgatctaaacaatcaattttgccaaacgtccagggcgctgcatagacgaccgcac
ompT2,NZP2037_06407,TATCCATAGCGTGGATGCTCCGATCTAAACAATCAATTTTGCCAAA,-,5.10E-12,48.2,1.8,>NZP2037_06407_ompT2,gccattggaaacgcacggtttttgctatccatagcgtggatgctccgatctaaacaatcaattttgccaaacgtccatggcgctgcatagacgatcgctc
ompT3,NZP2037_06423,TATCCATAGCGTGGATGCTCCGATCTAAACAATCAATTTTGCCAAA,-,5.10E-12,48.2,1.8,>NZP2037_06423_ompT3,gccattggaaacgcacggtttttgctatccatagcgtggatgctccgatctaaacaatcaattttgccaaacgtccagggcgctgcatagacgaccgcac
mln145,NZP2037_06588,CATCCATGGCGCGGATGGATGCAATCAGGAAATCAATTTTACCACT,+,0.00043,22.8,0.5,>NZP2037_06588_mln145,caagttgacagtacgcattccgctatagctcatccatggcgcggatggatgcaatcaggaaatcaattttaccactcttccggaatgctgcatttggggc
orphan,NZP2037_06602,CATTCATTCGTAGATGGGCTCCATCGAAATAATCGATTTTACGAAG,-,1.40E-08,37.2,1.6,>NZP2037_06602_orphan,tgttcaaagctctactgtgaccctgcattcattcgtagatgggctccatcgaaataatcgattttacgaagagtaacgaactgaaaagcattgctcggga
nodZ,NZP2037_06657,TATCCATAGCGTGGATGCTCGCGATCTAAACAATCAATTTTACCAAT,-,4.00E-14,54.9,2,>NZP2037_06657_nodZ,cgacgccctctgcgagaggcacttatccatagcgtggatgctcgcgatctaaacaatcaattttaccaatccgggcgtgtcgttcatagatcgccacgtg
nodA2,NZP2037_06679,TATTCATAGCGTGGATGCATTCATCGAAACAAACGATTTTGCCAAT,-,2.20E-11,46.2,1.9,>NZP2037_06679_nodA2,gctctttgagcgcctggcttttcctattcatagcgtggatgcattcatcgaaacaaacgattttgccaattctgcagaacggcatagcaagatcaaggat
nodF1.1,NZP2037_06682,TATCCACAGCGTGGATGCGTCTTATCGAAACAAATAATTTTATCAAT,-,6.90E-11,44.6,3,>NZP2037_06682_nodF1.1,gctgcgtcattgaaacgtatccctatccacagcgtggatgcgtcttatcgaaacaaataattttatcaatcttccggaatgtcgcattgacgacagcacc
nodF1.2,NZP2037_06682,TATCCATGGTATGGATGCGCTCATCGAAACAAACTATTTGATCAAC,-,6.30E-09,38.3,1.6,>NZP2037_06682_nodF1.2,cgggctgggcgcggtccgcatcgactatccatggtatggatgcgctcatcgaaacaaactatttgatcaaccttccgggatctcgcattgacaagagccc
noeK,NZP2037_06699,TATCCATGCCATGGATGCATTCCATCCAAACAACCAAGTTTACGGAT,-,1.60E-09,40.1,2,>NZP2037_06699_noeK,tgatcgagacggccttctagacctatccatgccatggatgcattccatccaaacaaccaagtttacggatctgtcatgatgctgcatagcgaaataccgg
nodO,NZP2037_06707,CATCCATTTCGTAAATGTTTCTATCGAACAAATCGATTTCCCCAGT,-,1.70E-05,27.3,4.3,>NZP2037_06707_nodO,ggcagaaggacgaagccgatgccacacatccatttcgtaaatgtttctatcgaacaaatcgatttccccagttgtctggtgagggatagcaaggtgtcag
nodU,NZP2037_06730,TATCCACCCCATGAATGCACTCAATCCAAACAATCAAATTTACCGAT,-,2.50E-07,33.1,7.9,>NZP2037_06730_nodU,acgcctgttgggcatgggccgcatatccaccccatgaatgcactcaatccaaacaatcaaatttaccgatccgtcaagatgctgcatagcgcattaattg
nodM,NZP2042_06156,CATCCATGGCGTGGATGGTGGCTATCCCAACAATCAATTTTACCGAA,-,3.90E-12,48.5,0.2,>NZP2042_06156_nodM,cccgcattggactgaggtttagttcatccatggcgtggatggtggctatcccaacaatcaattttaccgaacttactggattccattagaagactctaac
virA,NZP2042_06163,CATCCATTGTTCGGATGCGTGCGATCCAAACAATCAATTTGTTCAAT,+,3.90E-10,42.1,1.4,>NZP2042_06163_virA,tctaacgaaaaccgccgctgcatttagctgcatccattgttcggatgcgtgcgatccaaacaatcaatttgttcaatcagcttcttgaaagctaaccctt
nolL,NZP2042_06215,TATCCATAGCGTGAATGTTCGCGATCTAAACAATCGATTTTACCAAA,-,1.50E-12,49.9,2.3,>NZP2042_06215_nolL,ctttgaagcgcattgcctttcacttatccatagcgtgaatgttcgcgatctaaacaatcgattttaccaaactttcaacgccctgcatagatgaccgcac
nodB,NZP2042_06226,TATCCGCAAGGTGGATGCTTGTCATCGAAACAATCGATTTTGCCGAT,-,2.40E-11,46,0.3,>NZP2042_06226_nodB,cagatcaaagcctttgtctcatctatccgcaaggtggatgcttgtcatcgaaacaatcgattttgccgattggacacagcgtcgtattgagaattcaagg
nodA,NZP2042_06234,CATCCACAGCGTGGATGCTCGCGATCTAAACAATCAATTTTACCAAT,-,1.10E-13,53.5,1.9,>NZP2042_06234_nodA,tccagatcaacgcatggttttaacatccacagcgtggatgctcgcgatctaaacaatcaattttaccaatccgggcgggtcgttcattaaccgcccacct
nodS,NZP2042_06235,TGCTTGGGGCGTGGATGGCTGTCATCCAAACAATCAATTTTGCCAAT,-,1.90E-09,39.9,0.2,>NZP2042_06235_nodS,cacgcccaattccgccttcgatgtgcttggggcgtggatggctgtcatccaaacaatcaattttgccaatcctgccggccctaataggagggtgaccgaa
ompT,NZP2042_06268,TATCCATAGCGTGGATGCTCCGATCTAAACAATCAATTTTGCCAAA,-,5.00E-12,48.2,1.8,>NZP2042_06268_ompT,gccattggaaatgcacggttttagctatccatagcgtggatgctccgatctaaacaatcaattttgccaaacgtccagggcgctgcatagacgaccgcac
ompT2,NZP2042_06269,TATCCATAGCGTGGATGCTCCGATCTAAACAATCAATTTTGCCAAA,-,5.00E-12,48.2,1.8,>NZP2042_06269_ompT2,ccattggaaacgcacggttttagcttatccatagcgtggatgctccgatctaaacaatcaattttgccaaacgtccatggcgctgcatagacgaccgcac
mln145,NZP2042_06421,CATCCATGGCGCGGATGGATGCAATCAGGAAATCAATTTTACCACT,+,0.00042,22.8,0.5,>NZP2042_06421_mln145,caagttgacagtacgcattccgctatagctcatccatggcgcggatggatgcaatcaggaaatcaattttaccactcttccggaatgctgcatttggggc
orphan,NZP2042_06434,CATTCATTCGTAGATGGGCTCCATCGTAATAATCGATTTTACGAAG,-,1.60E-06,30.5,1.8,>NZP2042_06434_orphan,gttcaaagctctactgtgacgcctgcattcattcgtagatgggctccatcgtaataatcgattttacgaagagtaacgaacatgaaaagcattgctcggg
nodZ,NZP2042_06494,TATCCATAGCGTGGATGCTCGCGATCTAAACAATCAATTTTACCAAT,-,4.00E-14,54.9,2,>NZP2042_06494_nodZ,cgacgccttctgcgagaggcacttatccatagcgtggatgctcgcgatctaaacaatcaattttaccaatccgggcgtgtcgttcatagatcgccacgtg
nodA2,NZP2042_06516,TATTCATAGCGTGGATGCATTCATCGAAACAAACGATTTTGCCAAT,-,2.10E-11,46.2,1.9,>NZP2042_06516_nodA2,gctctttgagcgcctggcttttcctattcatagcgtggatgcattcatcgaaacaaacgattttgccaattctgcagaacggcatagcaagatcaaggat
nodF1.1,NZP2042_06519,TATCCACAGCGTGGATGCGTCTTATCGAAACAAATAATTTTATCAAT,-,6.70E-11,44.6,3,>NZP2042_06519_nodF1.1,gctgcgtcattgaaacgtatccctatccacagcgtggatgcgtcttatcgaaacaaataattttatcaatcttccggaatgtcgcattgacgacagcacc
nodF1.2,NZP2042_06519,TATCCATGGTATGGATGCGCTCATCGAAACAAACTATTTGATCAAC,-,6.20E-09,38.3,1.6,>NZP2042_06519_nodF1.2,cgggctgggcgcggtccgcatcgactatccatggtatggatgcgctcatcgaaacaaactatttgatcaaccttccgggatctcgcattgacaagagccc
nodO2,NZP2042_06525,CATCCATTTCGTAAATGTTTCTATCGAACAAATCGATTTCCCCAGT,-,1.70E-05,27.3,4.3,>NZP2042_06525_nodO2,ggcagaaggacgaagccgatgccacacatccatttcgtaaatgtttctatcgaacaaatcgatttccccagttgtctggtgagggatagcaaggtgccag
noeK,NZP2042_06535,TATCCATGCCATGGATGCATTCCATCCAAACAACCAAGTTTACGGAT,-,1.60E-09,40.1,2,>NZP2042_06535_noeK,tgatcgagacggccttctagacctatccatgccatggatgcattccatccaaacaaccaagtttacggatctgtcatgatgctgcatagcgaaataccgg
nodO,NZP2042_06543,CATCCATTTCGTAAATGTTTCTATCGAACAAATCGATTTCCCCAGT,-,1.70E-05,27.3,4.3,>NZP2042_06543_nodO,ggcagaaggacgaagccgatgccacacatccatttcgtaaatgtttctatcgaacaaatcgatttccccagttgtctggtgagggatagcaaggtgccag
nodU,NZP2042_06566,TATCCACCCCATGAATGCACTCAATCCAAACAATCAAATTTACCGAT,-,2.50E-07,33.1,7.9,>NZP2042_06566_nodU,acgcctgttgggcatgggccgcatatccaccccatgaatgcactcaatccaaacaatcaaatttaccgatccgtcaagatgctgcatagcgcattaattg
nodM,NZP2234_06069,CATCCATGGCGTGGATGATGGCTATCCCAACAATCAATTTTACCGAA,-,1.00E-11,47.1,0.5,>NZP2234_06069_nodM,cccgcattggactgaggtttagttcatccatggcgtggatgatggctatcccaacaatcaattttaccgaactgactggattccattagaagaatctaac
virA,NZP2234_06077,CATCCATTGTTCGGATGCGTGCGATCCAAACAATCAATTTGTTCAAT,+,3.80E-10,42.1,1.4,>NZP2234_06077_virA,tctaacgaaaaccgccgctgcatttagctgcatccattgttcggatgcgtgcgatccaaacaatcaatttgttcaatcagcttcttgaaagctaaccctt
nolL,NZP2234_06134,TATCCATAGCGTGGATGCTCGCGATCTAAACAATCGATTTTACCAAA,-,3.60E-14,55,1.2,>NZP2234_06134_nolL,ggcccttgaagcgcatctttcacttatccatagcgtggatgctcgcgatctaaacaatcgattttaccaaacttccagggcgctgcatagatgaccgcac
nodB,NZP2234_06140,TATCCGCAACGTGGATGCTTGTCATCGAAACAATCGATTTTGCCGAT,-,3.00E-12,48.9,0.3,>NZP2234_06140_nodB,gcgatccaagcctttgtctcatctatccgcaacgtggatgcttgtcatcgaaacaatcgattttgccgattcgacagaacgtcccataggaagaattcaa
nodA,NZP2234_06146,CATCCATAGCGTGGATGCTCGCGATCTAAACAATCAATTTTACCAAT,-,4.20E-14,54.8,1.9,>NZP2234_06146_nodA,gcctttgaaaggcatggttttaacatccatagcgtggatgctcgcgatctaaacaatcaattttaccaatccgggagggtcgttcatagacccatgacat
nodS,NZP2234_06149,TGTTTACGGCGTGGATGGTTACATCCAAACAATCAATTTGCCAAT,-,3.50E-06,29.5,0.5,>NZP2234_06149_nodS,gccacgcccaattcggccctcaatgtgtttacggcgtggatggttacatccaaacaatcaatttgccaatcctgcggaccctgttaggagcgtgaccgaa
oafA,NZP2234_06161,TATCCATCCCATGGATGCATTATATCCAAACAATCAAGTTTACCCAT,-,5.70E-07,32,4.7,>NZP2234_06161_oafA,gctgtcgccggtgggcatggcccccatatccatcccatggatgcattatatccaaacaatcaagtttacccatccgtcatgatgctgcatagcgccgtac
DAO,NZP2234_06283,CATTCATACGTAGATGGGCTCCATCGAAATAATCGATCTTACGAAG,-,6.40E-08,35,1.3,>NZP2234_06283_DAO,gttcaaagctctactgtgacgcctgcattcatacgtagatgggctccatcgaaataatcgatcttacgaagagtaacgaacatgaaaagcattgctcggg
nodZ,NZP2234_06339,CATCCATGGCGTGGATGCGTTTCATCGAAACAGACGATTTTACCGAT,-,1.10E-12,50.2,0.1,>NZP2234_06339_nodZ,gctctggaacccatgtcactagccatccatggcgtggatgcgtttcatcgaaacagacgattttaccgatgttacggcacgatgcatagaaagaattcaa
nodA2,NZP2234_06361,TATCCATAGCATGGATGCATTCATCGAAACAAAGGATTTTGCCCAT,-,6.30E-08,35,1.5,>NZP2234_06361_nodA2,acaagctctttgaaacgcatgctttcctatccatagcatggatgcattcatcgaaacaaaggattttgcccattctgcagaacgtcgcatagaaagattt
nodF,NZP2234_06364,TATCCATAGGGTGGATGCATCTCATCGAAACAAACGATTTTCTCAAT,-,3.50E-11,45.5,1.6,>NZP2234_06364_nodF,gcccgtttattggactgtatttctatccatagggtggatgcatctcatcgaaacaaacgattttctcaatcttccggaatctcgcattgacagcacctca
noeK,NZP2234_06377,TATCCATGCCATGGATGCATTCCATCCAAACAACCAAGTTTACGGAC,-,3.00E-09,39.3,2.2,>NZP2234_06377_noeK,ctgatcgagacggccttctagccctatccatgccatggatgcattccatccaaacaaccaagtttacggacctgccatgatgctgcatagcgaaataccg
nodM,NZP2298_06358,CATCCATGGCGTGGATGATGGCTATCCCAACAATCAATTTTACCGAA,-,1.10E-11,47.1,0.5,>NZP2298_06358_nodM,cccgcattggactgaggtttagttcatccatggcgtggatgatggctatcccaacaatcaattttaccgaacttaccggattccattagaagactctaac
virA,NZP2298_06366,CATCCATTGTTCGGATGCCTGCGATCCAAACAATCAATTTGTTCAAT,+,4.90E-09,38.7,1.8,>NZP2298_06366_virA,tctaacgaaaaccgccgctgcatttagctgcatccattgttcggatgcctgcgatccaaacaatcaatttgttcaatcagcttcttgaaagctaaccctt
nolL,NZP2298_06450,TATCCATAGCGTGGATGCTCGCGATCTAAACAATCGATTTTACCAAA,-,3.90E-14,55,1.2,>NZP2298_06450_nolL,ggcccttgaagcgcatctttcacttatccatagcgtggatgctcgcgatctaaacaatcgattttaccaaacttccagggcgctgcatagatgaccgcac
nodB,NZP2298_06455,TATCCGCAACGTGGATGCTTGTCATCGAAACAATCGATTTTGCCGAT,-,3.20E-12,48.9,0.3,>NZP2298_06455_nodB,gcgatccaagcctttgtctcatctatccgcaacgtggatgcttgtcatcgaaacaatcgattttgccgattcgaaagaacgtcccataggaagaattcaa
nodA,NZP2298_06461,CATCCATAGCGTGGATGCTCGCGATCTAAACAATCAATTTTACCAAT,-,4.60E-14,54.8,1.9,>NZP2298_06461_nodA,gcctttgaaaggcatggttttaacatccatagcgtggatgctcgcgatctaaacaatcaattttaccaatccgggagggtcgttcatagacccatgacat
nodS,NZP2298_06462,GTTTTAGGGCGCGGATGGTTGTTATCCAAACAATCAATTTTGCCAAT,-,2.80E-09,39.5,0.6,>NZP2298_06462_nodS,gccacgccaattccgccttcgatgttttagggcgcggatggttgttatccaaacaatcaattttgccaatcctgccgaccctattaggagggtgaccgaa
orphan,NZP2298_06608,CATTCATACGTAGATGGGCTCCATCGAAATAATCGATTTTACGAAG,-,8.00E-09,38,1.7,>NZP2298_06608_orphan,gttcaaagctctactgtgacgcctgcattcatacgtagatgggctccatcgaaataatcgattttacgaagagtaacgaacatgaaaagcattgctcggg
nodZ,NZP2298_06666,CATCCATGGCGTGGATGCGTTTCATCGAAACAGACGATTTTACCGAT,-,1.20E-12,50.2,0.1,>NZP2298_06666_nodZ,gctctggaacccatgtcactagccatccatggcgtggatgcgtttcatcgaaacagacgattttaccgatgttacggcacgatgcatagaaagaattcaa
orphan,NZP2298_06690,TATCCACAGGGTGGATGCATCTCATCGAAACAAACGATTTTATCAAT,-,2.30E-11,46.1,1.8,>NZP2298_06690_orphan,gcccgttcatgggactgtatttctatccacagggtggatgcatctcatcgaaacaaacgattttatcaatcttccggaatctcgcgtttgacgtcagcac
noeK,NZP2298_06701,TATCCATGCCATGGATGCGTTCCATCCAAACAACCAACTTTACGGAC,-,4.60E-09,38.8,2.2,>NZP2298_06701_noeK,ctgatcgagacggctttctagccctatccatgccatggatgcgttccatccaaacaaccaactttacggacctgccatgatgctgcatagcgaaataccg
nodM,R7A_05829,CATCCATGGCGTGGATGATGGTTATCCCAACAATCAATTTTACCGAA,-,2.00E-11,46.2,0.7,>R7A_05829_nodM,cccgcattggactgaggtttagttcatccatggcgtggatgatggttatcccaacaatcaattttaccgaacttactggattccattagaagactctaac
virA,R7A_05839,CATCCATTGTTCGGATGCGTGCGATCCAAACAATCAATTTGTTCAAT,+,3.70E-10,42.1,1.4,>R7A_05839_virA,tctaacgaaaaccgccgctgcatttagctgcatccattgttcggatgcgtgcgatccaaacaatcaatttgttcaatcagcttcttgaaagctaaccctt
nolL,R7A_05906,TATCCATAGCGTGGATGCTCGCGATCTAAACAATCGATTTTACCAAA,-,3.50E-14,55,1.2,>R7A_05906_nolL,cctttgaagcgcatggctttcacttatccatagcgtggatgctcgcgatctaaacaatcgattttaccaaacttccagggcgctgcatagatgaccgcac
nodB,R7A_05912,TATCCGCAACGTGGATGCTTGTCATCGAAACAATCGATTTTGCCGAT,-,2.90E-12,48.9,0.3,>R7A_05912_nodB,gcgatccaagcctttgtctcatctatccgcaacgtggatgcttgtcatcgaaacaatcgattttgccgattcgacagaacgtcccataggaagaattcaa
nodA,R7A_05919,TATCCATAGCGTGGATGCTCGCGATCTAAACAATCAATTTTACCAAT,-,3.80E-14,54.9,2,>R7A_05919_nodA,gcctttgaaaggcatggttttaatatccatagcgtggatgctcgcgatctaaacaatcaattttaccaatccgggagggtcgttcatagacccatgacat
nodS,R7A_05920,TGTTCAGCGCGTGGATGGTTGTCATCCAAACAATCAATTTTGCCAAT,-,4.10E-11,45.2,0.6,>R7A_05920_nodS,cacgtccaatcccgccttcgatgtgttcagcgcgtggatggttgtcatccaaacaatcaattttgccaatcctgcggaccctattaggagcgtgaccgaa
DAO,R7A_06090,CATTCATACGTAGATGGGCTCCATCGAAATAATCGATCTTACGAAG,-,6.10E-08,35,1.3,>R7A_06090_DAO,gttcaaagctctactgtgacgcctgcattcatacgtagatgggctccatcgaaataatcgatcttacgaagagtaacgaacatgaaaagcattgctcggg
nodZ,R7A_06158,CATCCATGGCGTGGATGCGTTTCATCGAAACAGACGATTTTACCGAT,-,1.10E-12,50.2,0.1,>R7A_06158_nodZ,gctctggaacccatgtccctagccatccatggcgtggatgcgtttcatcgaaacagacgattttaccgatgttacggcacgatgcatagaaagaattcaa
orphan,R7A_06177,TATCCACAGGGTGGATGCATCTCATCGAAACAAACGATTTTATCAAT,-,2.10E-11,46.1,1.8,>R7A_06177_orphan,gcccgttcatgggactgtatttctatccacagggtggatgcatctcatcgaaacaaacgattttatcaatcttccggaatctcgcgtttgacgtcagcac
noeK,R7A_06189,TATCCATGCCATGGATGCGTTCCATCCAAACAACCAAGTTTACGGAC,-,7.10E-10,41.2,1.4,>R7A_06189_noeK,ctgatcgagacggctttctagccctatccatgccatggatgcgttccatccaaacaaccaagtttacggacctgtcatgatgatgcatagcgaaataccg
nodM,R88B_06449,CATCCATGGCGTGGATGATGGTTATCCCAACAATCAATTTTACCGAA,-,2.20E-11,46.2,0.7,>R88B_06449_nodM,cccgcattggactgaggtttagttcatccatggcgtggatgatggttatcccaacaatcaattttaccgaacttactggattccattagaagactctaac
virA,R88B_06459,CATCCATTGTTCGGATGCGTGCGATCCAAACAATCAATTTGTTCAAT,+,4.10E-10,42.1,1.4,>R88B_06459_virA,tctaacgaaaaccgccgctgcatttagctgcatccattgttcggatgcgtgcgatccaaacaatcaatttgttcaatcagcttcttgaaagctaaccctt
nolL,R88B_06527,TATCCATAGCGTGGATGCTCGCGATCTAAACAATCGATTTTACCAAA,-,3.90E-14,55,1.2,>R88B_06527_nolL,cctttgaagcgcatggctttcacttatccatagcgtggatgctcgcgatctaaacaatcgattttaccaaacttccagggcgctgcatagatgaccgcac
nodB,R88B_06533,TATCCGCAACGTGGATGCTTGTCATCGAAACAATCGATTTTGCCGAT,-,3.20E-12,48.9,0.3,>R88B_06533_nodB,gcgatccaagcctttgtctcatctatccgcaacgtggatgcttgtcatcgaaacaatcgattttgccgattcgacagaacgtcccataggaagaattcaa
nodA,R88B_06540,TATCCATAGCGTGGATGCTCGCGATCTAAACAATCAATTTTACCAAT,-,4.20E-14,54.9,2,>R88B_06540_nodA,gcctttgaaaggcatggttttaatatccatagcgtggatgctcgcgatctaaacaatcaattttaccaatccgggagggtcgttcatagacccatgacat
nodS,R88B_06541,TGTTCAGCGCGTGGATGGTTGTCATCCAAACAATCAATTTTGCCAAT,-,4.50E-11,45.2,0.6,>R88B_06541_nodS,cacgtccaatcccgccttcgatgtgttcagcgcgtggatggttgtcatccaaacaatcaattttgccaatcctgcggaccctattaggagcgtgaccgaa
DAO,R88B_06717,CATTCATACGTAGATGGGCTCCATCGAAATAATCGATCTTACGAAG,-,6.80E-08,35,1.3,>R88B_06717_DAO,gttcaaagctctactgtgacgcctgcattcatacgtagatgggctccatcgaaataatcgatcttacgaagagtaacgaacatgaaaagcattgctcggg
nodZ,R88B_06787,CATCCATGGCGTGGATGCGTTTCATCGAAACAGACGATTTTACCGAT,-,1.20E-12,50.2,0.1,>R88B_06787_nodZ,gctctggaacccatgtccctagccatccatggcgtggatgcgtttcatcgaaacagacgattttaccgatgttacggcacgatgcatagaaagaattcaa
orphan,R88B_06806,TATCCACAGGGTGGATGCATCTCATCGAAACAAACGATTTTATCAAT,-,2.30E-11,46.1,1.8,>R88B_06806_orphan,gcccgttcatgggactgtatttctatccacagggtggatgcatctcatcgaaacaaacgattttatcaatcttccggaatctcgcgtttgacgtcagcac
noeK,R88B_06818,TATCCATGCCATGGATGCGTTCCATCCAAACAACCAAGTTTACGGAC,-,7.80E-10,41.2,1.4,>R88B_06818_noeK,ctgatcgagacggctttctagccctatccatgccatggatgcgttccatccaaacaaccaagtttacggacctgtcatgatgatgcatagcgaaataccg
nodM,SU343_06244,CATCCATGGCGTGGATGGTGGCTATCCCAACAATCAATTTTACCGAA,-,4.00E-12,48.5,0.2,>SU343_06244_nodM,cccgcattggactgaggtttagttcatccatggcgtggatggtggctatcccaacaatcaattttaccgaacttactggattccattagaagactctaac
virA,SU343_06252,CATCCATTGTTCGGATGCGTGCGATCCAAACAATCAATTTGTTCAAT,+,3.90E-10,42.1,1.4,>SU343_06252_virA,tctaacgaaaaccgccgctgcatttagctgcatccattgttcggatgcgtgcgatccaaacaatcaatttgttcaatcagcttcttgaaagctaaccctt
nolL,SU343_06309,TATCCATAGCGTGAATGTTCGCGATCTAAACAATCGATTTTACCAAA,-,1.50E-12,49.9,2.3,>SU343_06309_nolL,ctttgaagcgcattgcctttcacttatccatagcgtgaatgttcgcgatctaaacaatcgattttaccaaactttcaacgccctgcatagatgaccgcac
nodB,SU343_06320,TATCCGCAAGGTGGATGCTTGTCATCGAAACAATCGATTTTGCCGAT,-,2.50E-11,46,0.3,>SU343_06320_nodB,cagatcaaagcctttgtctcatctatccgcaaggtggatgcttgtcatcgaaacaatcgattttgccgattggacacagcgtcgtattgagaattcaagg
nodA,SU343_06328,CATCCACAGCGTGGATGCTCGCGATCTAAACAATCAATTTTACCAAT,-,1.10E-13,53.5,1.9,>SU343_06328_nodA,tccagatcaacgcatggttttaacatccacagcgtggatgctcgcgatctaaacaatcaattttaccaatccgggcgggtcgttcattaaccgcccacct
nodS,SU343_06329,TGCTTGGGGCGTGGATGGCTGTCATCCAAACAATCAATTTTGCCAAT,-,1.90E-09,39.9,0.2,>SU343_06329_nodS,cacgcccaattccgccttcgatgtgcttggggcgtggatggctgtcatccaaacaatcaattttgccaatcctgccggccctaataggagggtgaccgaa
ompT,SU343_06387,TATCCATAGCGTGGATGCTCCGATCTAAACAATCAATTTTGCCAAA,-,5.00E-12,48.2,1.8,>SU343_06387_ompT,gccattggaaatgcacggttttagctatccatagcgtggatgctccgatctaaacaatcaattttgccaaacgtccagggcgctgcatagacgaccgcac
ompT2,SU343_06388,TATCCATAGCGTGGATGCTCCGATCTAAACAATCAATTTTGCCAAA,-,5.00E-12,48.2,1.8,>SU343_06388_ompT2,gccattggaaacgcacggtttttgctatccatagcgtggatgctccgatctaaacaatcaattttgccaaacgtccatggcgctgcatagacgatcgctc
ompT3,SU343_06404,TATCCATAGCGTGGATGCTCCGATCTAAACAATCAATTTTGCCAAA,-,5.00E-12,48.2,1.8,>SU343_06404_ompT3,gccattggaaacgcacggtttttgctatccatagcgtggatgctccgatctaaacaatcaattttgccaaacgtccagggcgctgcatagacgaccgcac
mln145,SU343_06576,CATCCATGGCGCGGATGGATGCAATCAGGAAATCAATTTTACCACT,+,0.00042,22.8,0.5,>SU343_06576_mln145,caagttgacagtacgcattccgctatagctcatccatggcgcggatggatgcaatcaggaaatcaattttaccactcttccggaatgctgcatttggggc
orphan,SU343_06590,CATTCATTCGTAGATGGGCTCCATCGAAATAATCGATTTTACGAAG,-,1.40E-08,37.2,1.6,>SU343_06590_orphan,tgttcaaagctctactgtgaccctgcattcattcgtagatgggctccatcgaaataatcgattttacgaagagtaacgaactgaaaagcattgctcggga
nodZ,SU343_06645,TATCCATAGCGTGGATGCTCGCGATCTAAACAATCAATTTTACCAAT,-,4.00E-14,54.9,2,>SU343_06645_nodZ,cgacgccctctgcgagaggcacttatccatagcgtggatgctcgcgatctaaacaatcaattttaccaatccgggcgtgtcgttcatagatcgccacgtg
nodA2,SU343_06667,TATTCATAGCGTGGATGCATTCATCGAAACAAACGATTTTGCCAAT,-,2.10E-11,46.2,1.9,>SU343_06667_nodA2,gctctttgagcgcctggcttttcctattcatagcgtggatgcattcatcgaaacaaacgattttgccaattctgcagaacggcatagcaagatcaaggat
nodF1.1,SU343_06670,TATCCACAGCGTGGATGCGTCTTATCGAAACAAATAATTTTATCAAT,-,6.80E-11,44.6,3,>SU343_06670_nodF1.1,gctgcgtcattgaaacgtatccctatccacagcgtggatgcgtcttatcgaaacaaataattttatcaatcttccggaatgtcgcattgacgacagcacc
nodF1.2,SU343_06670,TATCCATGGTATGGATGCGCTCATCGAAACAAACTATTTGATCAAC,-,6.30E-09,38.3,1.6,>SU343_06670_nodF1.2,cgggctgggcgcggtccgcatcgactatccatggtatggatgcgctcatcgaaacaaactatttgatcaaccttccgggatctcgcattgacaagagccc
noeK,SU343_06687,TATCCATGCCATGGATGCATTCCATCCAAACAACCAAGTTTACGGAT,-,1.60E-09,40.1,2,>SU343_06687_noeK,tgatcgagacggccttctagacctatccatgccatggatgcattccatccaaacaaccaagtttacggatctgtcatgatgctgcatagcgaaataccgg
nodO,SU343_06697,CATCCATTTCGTAAATGTTTCTATCGAACAAATCGATTTCCCCAGT,-,1.70E-05,27.3,4.3,>SU343_06697_nodO,ggcagaaggacgaagccgatgccacacatccatttcgtaaatgtttctatcgaacaaatcgatttccccagttgtctggtgagggatagcaaggtgtcag
nodU,SU343_06720,TATCCACCCCATGAATGCACTCAATCCAAACAATCAAATTTACCGAT,-,2.50E-07,33.1,7.9,>SU343_06720_nodU,acgcctgttgggcatgggccgcatatccaccccatgaatgcactcaatccaaacaatcaaatttaccgatccgtcaagatgctgcatagcgcattaattg